filename,traj_type,num_steps,worst_val
trajectory_hjnnv_bestu_20250905_145727.mp4,spiral,375,0.19909703731536865
trajectory_hjnnv_bestu_20250905_152837.mp4,spiral,375,0.19909703731536865
trajectory_hjnnv_bestu_20250905_153101.mp4,spiral,375,0.19909703731536865
